,Unnamed: 0,bruises?,gill-spacing,gill-size,stalk-shape,ring-number,population,cap-shape,cap-surface,cap-color,odor,gill-attachment,gill-color,stalk-root,stalk-surface-above-ring,stalk-surface-below-ring,stalk-color-above-ring,stalk-color-below-ring,veil-type,veil-color,ring-type,spore-print-color,habitat,class
368,368,0.0,0.0,1.0,1.0,1.0,4.0,0.7233153851277898,0.5391048795734226,0.443106264013247,1.0,0.4931144925071919,1.0,0.5775834100116769,0.2986590532617538,0.93732802166512,0.6919745007311616,0.3841343775663816,0.4820842450765864,0.4936124152831859,0.6356546673140563,0.7590874790016591,0.4008806364320749,1
1948,1948,1.0,0.0,0.0,0.0,1.0,3.0,0.499641697178055,0.5391048795734226,0.6242107105469906,0.0,0.4931144925071919,0.2052254241921945,0.0,0.2986590532617538,0.2683771643170278,0.3829914801529547,0.3841343775663816,0.4820842450765864,0.4936124152831859,0.2063375882702977,0.1223342884253584,0.8825326216452345,0
2,2,1.0,0.0,0.0,0.0,2.0,5.0,0.4639981815245594,0.5391048795734226,0.4373389913178289,0.0330577268145819,0.4931144925071919,0.2052254241921945,0.5775834100116769,0.2986590532617538,0.312335740167062,0.3829914801529547,0.3841343775663816,0.4820842450765864,0.4936124152831859,0.2063375882702977,0.7590874790016591,0.8825326216452345,0
