,Unnamed: 0,bruises?,gill-spacing,gill-size,stalk-shape,ring-number,population,cap-shape,cap-surface,cap-color,odor,gill-attachment,gill-color,stalk-root,stalk-surface-above-ring,stalk-surface-below-ring,stalk-color-above-ring,stalk-color-below-ring,veil-type,veil-color,ring-type,spore-print-color,habitat,class
6340,6340,0.0,0.0,0.0,0.0,1.0,5.0,0.4662475458255844,0.3289365484681179,0.625893614816194,1.0,0.4924163879372996,0.4314977988787572,0.5788179956304095,0.9397442385642366,0.937902918692037,1.0,0.8687205175647278,0.4819425444596443,0.4929858267139496,1.0,0.9747798057417156,0.8789776198297299,1
4076,4076,0.0,1.0,0.0,1.0,1.0,3.0,0.4662475458255844,0.5495791739422381,0.4401931481166255,0.033162121386946,0.4924163879372996,0.7239491179054518,0.2280735922422533,0.2709153324477056,0.3115341840264916,0.3853825318555965,0.3856722500188465,0.4819425444596443,0.4929858267139496,0.6329821022138059,0.1184250753303039,0.3457043152674983,0
0,0,0.0,0.0,0.0,0.0,1.0,4.0,0.4971677580882306,0.5378622998328475,0.625893614816194,1.0,0.4924163879372996,0.7239491179054518,0.5788179956304095,0.9397442385642366,0.937902918692037,1.0,0.6896724233805324,0.4819425444596443,0.4929858267139496,1.0,0.9747798057417156,0.3457043152674983,1
