,Unnamed: 0,bruises?,gill-spacing,gill-size,stalk-shape,ring-number,population,cap-shape,cap-surface,cap-color,odor,gill-attachment,gill-color,stalk-root,stalk-surface-above-ring,stalk-surface-below-ring,stalk-color-above-ring,stalk-color-below-ring,veil-type,veil-color,ring-type,spore-print-color,habitat,class
7224,7224,0.0,0.0,0.0,0.0,1.0,5.0,0.472802341517152,0.3253560642540408,0.6251208387526671,1.0,0.4927602681065572,0.4245771483949337,0.5783136779327702,0.9407970646774356,0.9380831324958252,1.0,0.6908786685666678,0.4820793433652531,0.493543155115934,1.0,0.9680732114244378,0.8766660058993969,1
3680,3680,1.0,0.0,0.0,0.0,1.0,3.0,0.472802341517152,0.5355992819374243,0.6251208387526671,0.0,0.4927602681065572,0.1509934668070409,0.0845842238502153,0.2971331233370886,0.3117565756387059,0.3815107386773662,0.3818468532328206,0.4820793433652531,0.493543155115934,0.2038742817369314,0.1143709005148273,0.1139602777329879,0
0,0,0.0,0.0,0.0,0.0,1.0,4.0,0.4871506249729062,0.5355992819374243,0.6251208387526671,1.0,0.4927602681065572,0.7226770329084318,0.5783136779327702,0.9407970646774356,0.9380831324958252,1.0,0.6908786685666678,0.4820793433652531,0.493543155115934,1.0,0.9680732114244378,0.3419539402505949,1
