,Unnamed: 0,bruises?,gill-spacing,gill-size,stalk-shape,ring-number,population,cap-shape,cap-surface,cap-color,odor,gill-attachment,gill-color,stalk-root,stalk-surface-above-ring,stalk-surface-below-ring,stalk-color-above-ring,stalk-color-below-ring,veil-type,veil-color,ring-type,spore-print-color,habitat,class
6125,6125,0.0,0.0,0.0,0.0,1.0,4.0,0.4654540953233744,0.5369676298415472,0.6248616739903871,1.0,0.4922156766548124,0.4288222380935246,0.5792482312591518,0.9408804015222462,0.9393145935239908,0.6945678172143467,0.8806888899758736,0.4822161422708618,0.4927135740407317,1.0,0.9714499143097391,0.8790639868725879,1
2819,2819,1.0,0.0,0.0,0.0,1.0,2.0,0.1150855943771194,0.5369676298415472,0.6248616739903871,0.0,0.4922156766548124,0.1643734326523091,0.0768464932074795,0.2966161781057287,0.3093485774168074,0.3824350726857269,0.382324772610384,0.4822161422708618,0.4927135740407317,0.2062533978100026,0.1101224858734288,0.3451236859586273,0
0,0,0.0,0.0,0.0,0.0,1.0,4.0,0.4929638680693382,0.5369676298415472,0.6248616739903871,1.0,0.4922156766548124,0.7358936843571957,0.5792482312591518,0.9408804015222462,0.9393145935239908,1.0,0.6924751965605692,0.4822161422708618,0.4927135740407317,1.0,0.9714499143097391,0.3451236859586273,1
