,Unnamed: 0,bruises?,gill-spacing,gill-size,stalk-shape,ring-number,population,cap-shape,cap-surface,cap-color,odor,gill-attachment,gill-color,stalk-root,stalk-surface-above-ring,stalk-surface-below-ring,stalk-color-above-ring,stalk-color-below-ring,veil-type,veil-color,ring-type,spore-print-color,habitat,class
5988,5988,0.0,0.0,0.0,0.0,1.0,5.0,0.4694659943307629,0.5373867317536007,0.4347319253867587,1.0,0.4924897660985157,0.4294588730093917,0.5799225573542535,0.9409634743188136,0.9387740602193868,0.965529018020418,0.6961925183017839,0.4820842450765864,0.4931299330248615,1.0,0.973434812798972,0.4050983819296899,1
1835,1835,1.0,0.0,0.0,1.0,1.0,5.0,0.4694659943307629,0.5373867317536007,0.4431121190437975,0.0349906845518911,0.4924897660985157,0.0932682978135042,0.5799225573542535,0.2956930510842906,0.3107039613125255,0.382515342050387,0.0,0.4820842450765864,0.4931299330248615,0.2045324449434715,0.1126324119144886,0.4050983819296899,0
0,0,0.0,0.0,0.0,0.0,1.0,4.0,0.4910148153697442,0.5373867317536007,0.6283144787133116,1.0,0.4924897660985157,0.7185540813483223,0.5799225573542535,0.9409634743188136,0.9387740602193868,1.0,0.6961925183017839,0.4820842450765864,0.4931299330248615,1.0,0.973434812798972,0.346475462576184,1
