,Unnamed: 0,bruises?,gill-spacing,gill-size,stalk-shape,ring-number,population,cap-shape,cap-surface,cap-color,odor,gill-attachment,gill-color,stalk-root,stalk-surface-above-ring,stalk-surface-below-ring,stalk-color-above-ring,stalk-color-below-ring,veil-type,veil-color,ring-type,spore-print-color,habitat,class
1704,1704,0.0,0.0,0.0,0.0,1.0,4.0,0.4654540953233744,0.5369676298415472,0.6248616739903871,1.0,0.4922156766548124,0.4288222380935246,0.5792482312591518,0.9408804015222462,0.9393145935239908,1.0,1.0,0.4822161422708618,0.4927135740407317,1.0,0.9714499143097391,0.8790639868725879,1
7014,7014,1.0,0.0,0.0,1.0,1.0,4.0,0.4929638680693382,0.3273637688307321,0.5835676932709579,0.0356998836828799,0.4922156766548124,0.0994204827910827,0.5792482312591518,0.2966161781057287,0.3093485774168074,0.3824350726857269,0.0,0.4822161422708618,0.4927135740407317,0.2062533978100026,0.1211777250181291,0.4043864546527773,0
2,2,1.0,0.0,0.0,0.0,2.0,5.0,0.4654540953233744,0.5369676298415472,0.439664855422657,0.0356998836828799,0.4922156766548124,0.2038007542637115,0.5792482312591518,0.2966161781057287,0.3093485774168074,0.3824350726857269,0.382324772610384,0.4822161422708618,0.4927135740407317,0.2062533978100026,0.7583010231447671,0.8790639868725879,0
