,Unnamed: 0,bruises?,gill-spacing,gill-size,stalk-shape,ring-number,population,cap-shape,cap-surface,cap-color,odor,gill-attachment,gill-color,stalk-root,stalk-surface-above-ring,stalk-surface-below-ring,stalk-color-above-ring,stalk-color-below-ring,veil-type,veil-color,ring-type,spore-print-color,habitat,class
5848,5848,1.0,0.0,0.0,1.0,1.0,5.0,0.4665502327536664,0.5350093409195773,0.5817048950112256,0.0343710919670062,0.4926951280406669,0.4300895473071618,0.5764353881982394,0.2947431798328576,0.3121688447185216,0.3864143991994127,0.3838363452872237,0.4820183235334336,0.4934775666622191,0.2064174211308143,0.1203293079426171,0.4016521918592043,0
4594,4594,0.0,0.0,0.0,0.0,1.0,4.0,0.4952063838496021,0.5350093409195773,0.4359251491286171,1.0,0.4926951280406669,0.4300895473071618,0.5764353881982394,0.940194628246743,0.936993948417662,1.0,0.6913836356361243,0.4820183235334336,0.4934775666622191,1.0,0.9699475487214752,0.3472786656986596,1
0,0,1.0,0.0,0.0,0.0,1.0,2.0,0.4665502327536664,0.5533633278192878,0.3076050414444256,0.0,0.4926951280406669,0.1621195316168417,0.0760757806765774,0.2947431798328576,0.3121688447185216,0.3864143991994127,0.3838363452872237,0.4820183235334336,0.4934775666622191,0.2064174211308143,0.1203293079426171,0.127931070444722,0
