,Unnamed: 0,bruises?,gill-spacing,gill-size,stalk-shape,ring-number,population,cap-shape,cap-surface,cap-color,odor,gill-attachment,gill-color,stalk-root,stalk-surface-above-ring,stalk-surface-below-ring,stalk-color-above-ring,stalk-color-below-ring,veil-type,veil-color,ring-type,spore-print-color,habitat,class
5221,5221,1.0,0.0,0.0,1.0,1.0,4.0,0.4929389793154284,0.5564860929009441,0.3065091625774078,1.0,0.4926280189348699,0.2027830893331834,0.5758110503894623,0.2973187732295063,0.3094927166525431,0.384177132932381,0.3844825919273074,0.4820183235334336,0.4932681909148277,0.2045197729735018,0.9693692144143125,0.3468426612278516,1
3083,3083,0.0,0.0,1.0,0.0,1.0,4.0,0.4676040074162338,0.3282728358259322,0.4475116427598684,0.0333410521316171,0.4926280189348699,0.1534714001134973,0.2325736634482699,0.2973187732295063,0.3094927166525431,0.384177132932381,0.3844825919273074,0.4820183235334336,0.4932681909148277,0.2045197729735018,0.1117010656070705,0.7381441767610629,0
0,0,0.0,0.0,0.0,0.0,1.0,4.0,0.4929389793154284,0.5323347584151169,0.6283695524600603,1.0,0.4926280189348699,0.7272534474704755,0.5758110503894623,0.9389179007640128,0.9376286505937224,1.0,0.6879852303366635,0.4820183235334336,0.4932681909148277,1.0,0.9693692144143125,0.3468426612278516,1
