,Unnamed: 0,bruises?,gill-spacing,gill-size,stalk-shape,ring-number,population,cap-shape,cap-surface,cap-color,odor,gill-attachment,gill-color,stalk-root,stalk-surface-above-ring,stalk-surface-below-ring,stalk-color-above-ring,stalk-color-below-ring,veil-type,veil-color,ring-type,spore-print-color,habitat,class
3473,3473,0.0,0.0,0.0,0.0,1.0,4.0,0.4657750970664654,0.5355865632894545,0.6257669681782976,1.0,0.4922781665214644,0.7166296025618514,0.5772134927213436,0.936449551631736,0.9361485467010724,1.0,1.0,0.4819474835886214,0.4929897596696395,1.0,0.9699064392464092,0.879564984050083,1
1935,1935,0.0,1.0,0.0,0.0,2.0,2.0,0.7202752111917036,0.3272858933256848,0.4370369231359788,0.0346318017895483,0.4922781665214644,0.2023396548847461,0.5772134927213436,0.936449551631736,0.9361485467010724,0.3825302890908426,0.3841143172931683,0.4819474835886214,0.4929897596696395,0.2063198267899557,0.7562749093165863,0.3455951382283685,0
0,0,0.0,0.0,0.0,0.0,1.0,4.0,0.4950727351934673,0.5355865632894545,0.6257669681782976,1.0,0.4922781665214644,0.7166296025618514,0.5772134927213436,0.936449551631736,0.9361485467010724,1.0,0.6916046104790988,0.4819474835886214,0.4929897596696395,1.0,0.9699064392464092,0.3455951382283685,1
