,Unnamed: 0,bruises?,gill-spacing,gill-size,stalk-shape,ring-number,population,cap-shape,cap-surface,cap-color,odor,gill-attachment,gill-color,stalk-root,stalk-surface-above-ring,stalk-surface-below-ring,stalk-color-above-ring,stalk-color-below-ring,veil-type,veil-color,ring-type,spore-print-color,habitat,class
5885,5885,0.0,0.0,1.0,1.0,1.0,4.0,0.4929638680693382,0.5369676298415472,0.445836713403145,1.0,0.4922156766548124,1.0,0.5792482312591518,0.2966161781057287,0.9393145935239908,0.3824350726857269,0.6924751965605692,0.4822161422708618,0.4927135740407317,0.6375477105495464,0.7583010231447671,0.4043864546527773,1
3157,3157,0.0,1.0,0.0,1.0,1.0,3.0,0.4654540953233744,0.553532755809313,0.3061298069189792,0.0356998836828799,0.4922156766548124,0.7358936843571957,0.2249793705980224,0.2966161781057287,0.2455468108686595,0.3824350726857269,0.382324772610384,0.4822161422708618,0.4927135740407317,0.6375477105495464,0.1211777250181291,0.3451236859586273,0
0,0,0.0,0.0,0.0,0.0,1.0,4.0,0.4929638680693382,0.5369676298415472,0.6248616739903871,1.0,0.4922156766548124,0.7358936843571957,0.5792482312591518,0.9408804015222462,0.9393145935239908,1.0,0.6924751965605692,0.4822161422708618,0.4927135740407317,1.0,0.9714499143097391,0.3451236859586273,1
