,Unnamed: 0,bruises?,gill-spacing,gill-size,stalk-shape,ring-number,population,cap-shape,cap-surface,cap-color,odor,gill-attachment,gill-color,stalk-root,stalk-surface-above-ring,stalk-surface-below-ring,stalk-color-above-ring,stalk-color-below-ring,veil-type,veil-color,ring-type,spore-print-color,habitat,class
2603,2603,1.0,0.0,0.0,1.0,1.0,5.0,0.4665502327536664,0.3278004261654335,0.5817048950112256,0.0343710919670062,0.4926951280406669,0.0948936828115331,0.5764353881982394,0.2947431798328576,0.3121688447185216,0.3864143991994127,0.0,0.4820183235334336,0.4934775666622191,0.2064174211308143,0.1160756110154572,0.4016521918592043,0
5065,5065,0.0,0.0,0.0,0.0,1.0,4.0,0.4952063838496021,0.5350093409195773,0.6252462692310924,1.0,0.4926951280406669,0.6703110794388608,0.5764353881982394,0.940194628246743,0.936993948417662,0.6867281404997256,1.0,0.4820183235334336,0.4934775666622191,1.0,0.9699475487214752,0.8818504322356564,1
1,1,0.0,0.0,1.0,1.0,1.0,4.0,0.725913770631773,0.5350093409195773,0.5817048950112256,1.0,0.4926951280406669,1.0,0.5764353881982394,0.940194628246743,0.3121688447185216,0.6867281404997256,0.3838363452872237,0.4820183235334336,0.4934775666622191,0.6378385569144408,0.7573544687168535,0.4016521918592043,1
