,Unnamed: 0,bruises?,gill-spacing,gill-size,stalk-shape,ring-number,population,cap-shape,cap-surface,cap-color,odor,gill-attachment,gill-color,stalk-root,stalk-surface-above-ring,stalk-surface-below-ring,stalk-color-above-ring,stalk-color-below-ring,veil-type,veil-color,ring-type,spore-print-color,habitat,class
3146,3146,0.0,0.0,1.0,1.0,1.0,4.0,0.4676040074162338,0.5564860929009441,0.4475116427598684,1.0,0.4926280189348699,1.0,0.5758110503894623,0.9389179007640128,0.3094927166525431,0.384177132932381,0.3844825919273074,0.4820183235334336,0.4932681909148277,0.6403591636833047,0.7576785821435905,0.7128831645322029,1
6497,6497,1.0,0.0,0.0,1.0,1.0,5.0,0.4676040074162338,0.5323347584151169,0.5786442326618927,0.0333410521316171,0.4926280189348699,0.2027830893331834,0.5758110503894623,0.2973187732295063,0.3094927166525431,0.6893873584823892,0.0,0.4820183235334336,0.4932681909148277,0.2045197729735018,0.1206580732068936,0.4011493012188878,0
2,2,1.0,0.0,0.0,0.0,2.0,5.0,0.4676040074162338,0.5323347584151169,0.4397587519978155,0.0333410521316171,0.4926280189348699,0.2027830893331834,0.5758110503894623,0.2973187732295063,0.3094927166525431,0.384177132932381,0.3844825919273074,0.4820183235334336,0.4932681909148277,0.2045197729735018,0.7576785821435905,0.8812758857968552,0
