,Unnamed: 0,bruises?,gill-spacing,gill-size,stalk-shape,ring-number,population,cap-shape,cap-surface,cap-color,odor,gill-attachment,gill-color,stalk-root,stalk-surface-above-ring,stalk-surface-below-ring,stalk-color-above-ring,stalk-color-below-ring,veil-type,veil-color,ring-type,spore-print-color,habitat,class
6367,6367,0.0,0.0,0.0,0.0,1.0,5.0,0.499641697178055,0.5391048795734226,0.4373389913178289,1.0,0.4931144925071919,0.4321895567521608,0.5775834100116769,0.9380365554749076,0.93732802166512,1.0,1.0,0.4820842450765864,0.4936124152831859,1.0,0.9692015286130996,0.4008806364320749,1
2133,2133,0.0,1.0,0.0,1.0,1.0,3.0,0.4639981815245594,0.3278321201640489,0.443106264013247,0.0330577268145819,0.4931144925071919,0.4321895567521608,0.2318459418986453,0.2986590532617538,0.2301077378039691,0.3829914801529547,0.3841343775663816,0.4820842450765864,0.4936124152831859,0.6356546673140563,0.1223342884253584,0.3410103585728272,0
0,0,0.0,0.0,0.0,0.0,1.0,4.0,0.499641697178055,0.5391048795734226,0.6242107105469906,1.0,0.4931144925071919,0.7116028331780573,0.5775834100116769,0.9380365554749076,0.93732802166512,1.0,0.693953098689688,0.4820842450765864,0.4936124152831859,1.0,0.9692015286130996,0.3410103585728272,1
