,Unnamed: 0,bruises?,gill-spacing,gill-size,stalk-shape,ring-number,population,cap-shape,cap-surface,cap-color,odor,gill-attachment,gill-color,stalk-root,stalk-surface-above-ring,stalk-surface-below-ring,stalk-color-above-ring,stalk-color-below-ring,veil-type,veil-color,ring-type,spore-print-color,habitat,class
5677,5677,0.0,0.0,0.0,0.0,1.0,5.0,0.4931177485966119,0.328465670982119,0.6283694821374657,1.0,0.4926971691348473,0.7181257849955623,0.5782773380886633,0.937016433348225,0.9350432021564568,0.96306803733973,0.8724706942215005,0.4819474835886214,0.4932662929132024,1.0,0.9695350839255046,0.4043574181877331,1
5059,5059,1.0,0.0,0.0,1.0,1.0,5.0,0.4700916577026586,0.5373354521180066,0.5828940563234584,0.0352060146248332,0.4926971691348473,0.10166379427503,0.5782773380886633,0.2936434419745609,0.3106272707400064,0.6898577469803727,0.6965748497678586,0.4819474835886214,0.4932662929132024,0.2046601302461085,0.1118843497989158,0.4043574181877331,0
0,0,0.0,0.0,0.0,0.0,1.0,4.0,0.4931177485966119,0.5373354521180066,0.6283694821374657,1.0,0.4926971691348473,0.7181257849955623,0.5782773380886633,0.937016433348225,0.9350432021564568,1.0,0.6965748497678586,0.4819474835886214,0.4932662929132024,1.0,0.9695350839255046,0.3414407239093787,1
