,Unnamed: 0,bruises?,gill-spacing,gill-size,stalk-shape,ring-number,population,cap-shape,cap-surface,cap-color,odor,gill-attachment,gill-color,stalk-root,stalk-surface-above-ring,stalk-surface-below-ring,stalk-color-above-ring,stalk-color-below-ring,veil-type,veil-color,ring-type,spore-print-color,habitat,class
6084,6084,0.0,0.0,0.0,0.0,1.0,4.0,0.4694659943307629,0.5373867317536007,0.6283144787133116,1.0,0.4924897660985157,0.7185540813483223,0.5799225573542535,0.9409634743188136,0.9387740602193868,0.6918333913347483,1.0,0.4820842450765864,0.4931299330248615,1.0,0.973434812798972,0.4050983819296899,1
4491,4491,0.0,1.0,0.0,0.0,2.0,3.0,0.1167090073878499,0.5511238986267231,0.307935852952466,0.0349906845518911,0.4924897660985157,0.6723693146107369,0.5799225573542535,0.2956930510842906,0.3107039613125255,0.382515342050387,0.3820862821783896,0.4820842450765864,0.4931299330248615,0.2045324449434715,0.7619433123171203,0.346475462576184,0
0,0,0.0,0.0,0.0,0.0,1.0,4.0,0.4910148153697442,0.5373867317536007,0.6283144787133116,1.0,0.4924897660985157,0.7185540813483223,0.5799225573542535,0.9409634743188136,0.9387740602193868,1.0,0.6961925183017839,0.4820842450765864,0.4931299330248615,1.0,0.973434812798972,0.346475462576184,1
