,Unnamed: 0,bruises?,gill-spacing,gill-size,stalk-shape,ring-number,population,cap-shape,cap-surface,cap-color,odor,gill-attachment,gill-color,stalk-root,stalk-surface-above-ring,stalk-surface-below-ring,stalk-color-above-ring,stalk-color-below-ring,veil-type,veil-color,ring-type,spore-print-color,habitat,class
437,437,0.0,0.0,1.0,1.0,1.0,4.0,0.4871506249729062,0.5355992819374243,0.5862085853176253,1.0,0.4927602681065572,1.0,0.5783136779327702,0.9407970646774356,0.3117565756387059,0.6974707666132893,0.3818468532328206,0.4820793433652531,0.493543155115934,0.6378666194809289,0.7620978725520103,0.8766660058993969,1
3009,3009,1.0,0.0,0.0,0.0,1.0,2.0,0.472802341517152,0.5542119967669151,0.3037696332925005,0.0,0.4927602681065572,0.1061958822706458,0.0845842238502153,0.2971331233370886,0.3117565756387059,0.3815107386773662,0.3818468532328206,0.4820793433652531,0.493543155115934,0.2038742817369314,0.1143709005148273,0.3419539402505949,0
2,2,1.0,0.0,0.0,0.0,2.0,5.0,0.472802341517152,0.5355992819374243,0.4458699342452397,0.0328463153516873,0.4927602681065572,0.2020476155972988,0.5783136779327702,0.2971331233370886,0.3117565756387059,0.3815107386773662,0.3818468532328206,0.4820793433652531,0.493543155115934,0.2038742817369314,0.7620978725520103,0.8766660058993969,0
