,Unnamed: 0,bruises?,gill-spacing,gill-size,stalk-shape,ring-number,population,cap-shape,cap-surface,cap-color,odor,gill-attachment,gill-color,stalk-root,stalk-surface-above-ring,stalk-surface-below-ring,stalk-color-above-ring,stalk-color-below-ring,veil-type,veil-color,ring-type,spore-print-color,habitat,class
4965,4965,0.0,0.0,1.0,1.0,1.0,4.0,0.4638699747690533,0.5535020257306695,0.5795757557114548,1.0,0.4921400219869009,1.0,0.578275073231448,0.9394445767224842,0.9372675297068253,0.6927467967353501,0.3828838104881967,0.4819474835886214,0.4928516092870172,0.6369590912180494,0.7649678898940644,0.7214478521606741,1
4764,4764,1.0,0.0,0.0,1.0,1.0,4.0,0.4922553417175367,0.3265472577117714,0.4493887497562635,0.0330161455127936,0.4921400219869009,0.2085800296463917,0.578275073231448,0.2980377805135915,0.3116043092221315,0.0,0.3828838104881967,0.4819474835886214,0.4928516092870172,0.204876752030968,0.1202315334779089,0.3979804288225096,0
0,0,0.0,0.0,0.0,0.0,1.0,4.0,0.4922553417175367,0.5364074770935031,0.6311564069393595,1.0,0.4921400219869009,0.7109948937014359,0.578275073231448,0.9394445767224842,0.9372675297068253,1.0,0.6913472296505363,0.4819474835886214,0.4928516092870172,1.0,0.969803187098237,0.3443599214741454,1
