,Unnamed: 0,bruises?,gill-spacing,gill-size,stalk-shape,ring-number,population,cap-shape,cap-surface,cap-color,odor,gill-attachment,gill-color,stalk-root,stalk-surface-above-ring,stalk-surface-below-ring,stalk-color-above-ring,stalk-color-below-ring,veil-type,veil-color,ring-type,spore-print-color,habitat,class
4459,4459,1.0,0.0,0.0,1.0,1.0,4.0,0.4931177485966119,0.5507328256179956,0.4424478949717103,1.0,0.4926971691348473,0.4297905290451742,0.5782773380886633,0.2936434419745609,0.3106272707400064,0.3846191959452776,0.3809645188004515,0.4819474835886214,0.4932662929132024,0.2046601302461085,0.9695350839255046,0.7378524431134725,1
7110,7110,1.0,0.0,0.0,1.0,1.0,5.0,0.4700916577026586,0.328465670982119,0.5828940563234584,0.0352060146248332,0.4926971691348473,0.10166379427503,0.5782773380886633,0.2936434419745609,0.3106272707400064,0.6898577469803727,0.6965748497678586,0.4819474835886214,0.4932662929132024,0.2046601302461085,0.1118843497989158,0.4043574181877331,0
2,2,1.0,0.0,0.0,0.0,2.0,5.0,0.4700916577026586,0.5373354521180066,0.4424478949717103,0.0352060146248332,0.4926971691348473,0.2052936536954459,0.5782773380886633,0.2936434419745609,0.3106272707400064,0.3846191959452776,0.3809645188004515,0.4819474835886214,0.4932662929132024,0.2046601302461085,0.7536035203660741,0.8847177236627779,0
