,Unnamed: 0,bruises?,gill-spacing,gill-size,stalk-shape,ring-number,population,cap-shape,cap-surface,cap-color,odor,gill-attachment,gill-color,stalk-root,stalk-surface-above-ring,stalk-surface-below-ring,stalk-color-above-ring,stalk-color-below-ring,veil-type,veil-color,ring-type,spore-print-color,habitat,class
5154,5154,0.0,0.0,1.0,1.0,1.0,4.0,0.7205473760914387,0.5511238986267231,0.4431121190437975,1.0,0.4924897660985157,1.0,0.5799225573542535,0.2956930510842906,0.9387740602193868,0.382515342050387,0.3820862821783896,0.4820842450765864,0.4931299330248615,0.6367426939499077,0.7619433123171203,0.8802275329235114,1
4505,4505,1.0,0.0,0.0,1.0,1.0,4.0,0.4910148153697442,0.5373867317536007,0.588680939061373,0.0349906845518911,0.4924897660985157,0.2052010750427517,0.5799225573542535,0.2956930510842906,0.3107039613125255,0.0,0.0,0.4820842450765864,0.4931299330248615,0.2045324449434715,0.1126324119144886,0.4050983819296899,0
0,0,0.0,0.0,0.0,0.0,1.0,4.0,0.4910148153697442,0.5373867317536007,0.6283144787133116,1.0,0.4924897660985157,0.7185540813483223,0.5799225573542535,0.9409634743188136,0.9387740602193868,1.0,0.6961925183017839,0.4820842450765864,0.4931299330248615,1.0,0.973434812798972,0.346475462576184,1
