,Unnamed: 0,bruises?,gill-spacing,gill-size,stalk-shape,ring-number,population,cap-shape,cap-surface,cap-color,odor,gill-attachment,gill-color,stalk-root,stalk-surface-above-ring,stalk-surface-below-ring,stalk-color-above-ring,stalk-color-below-ring,veil-type,veil-color,ring-type,spore-print-color,habitat,class
5873,5873,0.0,0.0,1.0,1.0,1.0,4.0,0.7284639928328595,0.5542119967669151,0.5862085853176253,1.0,0.4927602681065572,1.0,0.5783136779327702,0.2971331233370886,0.3117565756387059,0.6974707666132893,0.6908786685666678,0.4820793433652531,0.493543155115934,0.6378666194809289,0.7620978725520103,0.4051560960273926,1
4913,4913,1.0,0.0,0.0,1.0,1.0,5.0,0.472802341517152,0.5355992819374243,0.4456008261606551,0.0328463153516873,0.4927602681065572,0.2020476155972988,0.5783136779327702,0.2971331233370886,0.3117565756387059,0.6974707666132893,0.3818468532328206,0.4820793433652531,0.493543155115934,0.2038742817369314,0.1153367456319787,0.4051560960273926,0
0,0,0.0,0.0,0.0,0.0,1.0,4.0,0.4871506249729062,0.5355992819374243,0.6251208387526671,1.0,0.4927602681065572,0.7226770329084318,0.5783136779327702,0.9407970646774356,0.9380831324958252,1.0,0.6908786685666678,0.4820793433652531,0.493543155115934,1.0,0.9680732114244378,0.3419539402505949,1
