,SEX,STEROID,ANTIVIRALS,FATIGUE,MALAISE,ANOREXIA,LIVER_BIG,LIVER_FIRM,SPLEEN_PALPABLE,SPIDERS,ASCITES,VARICES,HISTOLOGY,AGE,BILIRUBIN,ALK_PHOSPHATE,SGOT,ALBUMIN,PROTIME,Class
101,0.0,0.0,0.0,1.0,0.0,1.0,1.0,0.0,1.0,1.0,0.0,0.0,0.0,0.619718309859155,0.09090909090909091,0.21933085501858735,0.0694006309148265,0.44186046511627897,0.6,0
118,1.0,0.0,0.0,1.0,0.0,0.0,1.0,0.0,1.0,1.0,0.0,1.0,1.0,0.647887323943662,0.15584415584415584,0.20446096654275092,0.007886435331230283,0.46511627906976727,0.48,1
1,0.0,0.0,0.0,1.0,1.0,0.0,1.0,0.0,0.0,0.0,1.0,0.0,1.0,0.6619718309859155,0.11688311688311687,0.21933085501858735,0.12302839116719241,0.2325581395348837,0.66,1
