,SEX,STEROID,ANTIVIRALS,FATIGUE,MALAISE,ANOREXIA,LIVER_BIG,LIVER_FIRM,SPLEEN_PALPABLE,SPIDERS,ASCITES,VARICES,HISTOLOGY,AGE,BILIRUBIN,ALK_PHOSPHATE,SGOT,ALBUMIN,Class
125,0.0,0.0,0.0,1.0,0.0,0.0,0.0,1.0,1.0,1.0,0.0,0.0,1.0,0.7464788732394366,0.09090909090909091,0.21933085501858735,0.04100946372239747,0.44186046511627897,1
14,0.0,0.0,0.0,1.0,1.0,1.0,1.0,1.0,0.0,1.0,1.0,1.0,1.0,0.43661971830985924,0.11688311688311687,0.3420074349442379,0.0031545741324921148,0.16279069767441845,0
25,0.0,1.0,0.0,1.0,1.0,0.0,1.0,1.0,0.0,0.0,1.0,1.0,1.0,0.5633802816901409,0.1818181818181818,0.22304832713754646,0.00946372239747634,0.0,0
62,0.0,0.0,0.0,1.0,1.0,0.0,1.0,0.0,0.0,1.0,1.0,0.0,1.0,0.7042253521126761,0.5584415584415583,0.20817843866171004,0.06466876971608833,0.2790697674418603,0
2,0.0,0.0,0.0,1.0,1.0,0.0,1.0,0.0,1.0,0.0,1.0,0.0,1.0,0.6619718309859155,0.46753246753246747,0.34944237918215615,0.022082018927444793,0.3255813953488371,0
43,0.0,1.0,0.0,0.0,0.0,0.0,1.0,1.0,1.0,1.0,0.0,0.0,1.0,0.6056338028169015,0.09090909090909091,0.21933085501858735,0.09621451104100946,0.44186046511627897,1
91,0.0,0.0,0.0,1.0,1.0,0.0,1.0,0.0,1.0,1.0,0.0,0.0,1.0,0.5915492957746479,0.14285714285714285,0.21933085501858735,0.08832807570977917,0.3255813953488371,0
49,0.0,0.0,0.0,1.0,1.0,0.0,1.0,0.0,0.0,1.0,0.0,0.0,1.0,0.7605633802816901,0.09090909090909091,0.21933085501858735,0.0694006309148265,0.44186046511627897,0
