,SEX,STEROID,ANTIVIRALS,FATIGUE,MALAISE,ANOREXIA,LIVER_BIG,LIVER_FIRM,SPLEEN_PALPABLE,SPIDERS,ASCITES,VARICES,HISTOLOGY,AGE,BILIRUBIN,ALK_PHOSPHATE,SGOT,ALBUMIN,PROTIME,Class
115,0.0,1.0,1.0,1.0,0.0,0.0,1.0,1.0,0.0,0.0,0.0,0.0,0.0,0.47887323943661975,0.07792207792207792,0.20446096654275092,0.0725552050473186,0.41860465116279055,0.52,1.0
132,0.0,0.0,1.0,1.0,1.0,0.0,1.0,0.0,0.0,1.0,0.0,0.0,1.0,0.49295774647887325,0.025974025974025976,0.13382899628252787,0.08517350157728706,0.39534883720930214,0.29,0.0
1,1.0,0.0,0.0,1.0,1.0,0.0,1.0,0.0,1.0,0.0,0.0,0.0,0.0,0.5352112676056339,0.09090909090909091,0.21933085501858735,0.09621451104100946,0.3993642295465951,0.6185227272727273,1.0
