,SEX,STEROID,ANTIVIRALS,FATIGUE,MALAISE,ANOREXIA,LIVER_BIG,LIVER_FIRM,SPLEEN_PALPABLE,SPIDERS,ASCITES,VARICES,HISTOLOGY,AGE,BILIRUBIN,ALK_PHOSPHATE,SGOT,ALBUMIN,PROTIME,Class
91,0.0,1.0,0.0,0.0,0.0,0.0,1.0,0.0,0.0,0.0,0.0,0.0,1.0,0.6619718309859155,0.09090909090909091,0.21933085501858735,0.025236593059936908,0.5581395348837208,0.0,1.0
56,0.0,0.0,0.0,1.0,1.0,1.0,1.0,0.0,1.0,0.0,0.0,0.0,1.0,0.3380281690140845,0.9999999999999999,0.29488995102378,0.13722397476340695,0.023255813953488413,0.6185227272727273,0.0
1,1.0,0.0,0.0,1.0,1.0,0.0,1.0,0.0,1.0,0.0,0.0,0.0,0.0,0.5352112676056339,0.09090909090909091,0.21933085501858735,0.09621451104100946,0.3993642295465951,0.6185227272727273,1.0
