,SEX,STEROID,ANTIVIRALS,FATIGUE,MALAISE,ANOREXIA,LIVER_BIG,LIVER_FIRM,SPLEEN_PALPABLE,SPIDERS,ASCITES,VARICES,HISTOLOGY,AGE,BILIRUBIN,ALK_PHOSPHATE,SGOT,ALBUMIN,Class
117,0.0,1.0,1.0,1.0,1.0,0.0,0.0,1.0,0.0,0.0,0.0,0.0,0.0,0.8028169014084507,0.09090909090909091,0.18867924528301885,0.03785488958990536,0.511627906976744,1
31,0.0,1.0,0.0,0.0,0.0,0.0,1.0,0.0,0.0,1.0,0.0,1.0,1.0,0.5633802816901409,0.22077922077922077,0.20377358490566036,0.01419558359621451,0.4883720930232558,0
4,0.0,0.0,0.0,1.0,0.0,0.0,1.0,0.0,0.0,0.0,0.0,0.0,1.0,0.23943661971830985,0.09090909090909091,0.20754716981132074,0.031545741324921134,0.46511627906976727,1
