,SEX,STEROID,ANTIVIRALS,FATIGUE,MALAISE,ANOREXIA,LIVER_BIG,LIVER_FIRM,SPLEEN_PALPABLE,SPIDERS,ASCITES,VARICES,HISTOLOGY,AGE,BILIRUBIN,ALK_PHOSPHATE,SGOT,ALBUMIN,Class
100,0.0,1.0,0.0,0.0,0.0,0.0,1.0,0.0,0.0,0.0,0.0,0.0,1.0,0.6056338028169015,0.09090909090909091,0.41132075471698115,0.10567823343848579,0.41860465116279055,1
129,0.0,1.0,0.0,1.0,1.0,1.0,1.0,0.0,0.0,1.0,1.0,1.0,1.0,0.5492957746478874,0.9480519480519479,0.20754716981132074,0.359621451104101,0.2790697674418603,0
2,0.0,0.0,0.0,1.0,1.0,0.0,1.0,0.0,1.0,0.0,1.0,0.0,1.0,0.6619718309859155,0.46753246753246747,0.339622641509434,0.022082018927444793,0.3255813953488371,0
