,SEX,STEROID,ANTIVIRALS,FATIGUE,MALAISE,ANOREXIA,LIVER_BIG,LIVER_FIRM,SPLEEN_PALPABLE,SPIDERS,ASCITES,VARICES,HISTOLOGY,AGE,BILIRUBIN,ALK_PHOSPHATE,SGOT,ALBUMIN,PROTIME,Class
14,0.0,0.0,0.0,1.0,1.0,1.0,1.0,1.0,0.0,1.0,1.0,1.0,1.0,0.43661971830985924,0.11688311688311687,0.3420074349442379,0.0031545741324921148,0.16279069767441845,0.6185227272727273,0.0
32,0.0,1.0,0.0,1.0,0.0,0.0,1.0,0.0,0.0,0.0,0.0,0.0,0.0,0.8309859154929577,0.11688311688311687,0.2825278810408922,0.06151419558359621,0.511627906976744,0.6185227272727273,1.0
57,0.0,1.0,0.0,1.0,0.0,0.0,1.0,1.0,0.0,0.0,0.0,0.0,1.0,0.5211267605633804,0.07792207792207792,0.37174721189591076,0.20189274447949526,0.511627906976744,0.6185227272727273,1.0
