,SEX,STEROID,ANTIVIRALS,FATIGUE,MALAISE,ANOREXIA,LIVER_BIG,LIVER_FIRM,SPLEEN_PALPABLE,SPIDERS,ASCITES,VARICES,HISTOLOGY,AGE,BILIRUBIN,ALK_PHOSPHATE,SGOT,ALBUMIN,PROTIME,Class
10,0.0,1.0,0.0,1.0,0.0,0.0,1.0,1.0,0.0,0.0,0.0,0.0,0.0,0.45070422535211274,0.051948051948051945,0.29488995102378,0.05362776025236593,0.5348837209302326,0.6185227272727273,1.0
35,0.0,0.0,1.0,1.0,1.0,1.0,0.0,1.0,0.0,0.0,0.0,0.0,1.0,0.46478873239436624,0.03896103896103895,0.052044609665427496,0.08675078864353312,0.4883720930232558,0.67,1.0
64,0.0,0.0,0.0,1.0,1.0,0.0,1.0,1.0,0.0,1.0,1.0,1.0,1.0,0.5774647887323944,0.5844155844155843,0.36059479553903345,0.2255520504731861,0.13953488372093026,0.31,0.0
102,0.0,0.0,0.0,1.0,1.0,1.0,0.0,1.0,0.0,0.0,0.0,0.0,1.0,0.43661971830985924,0.03896103896103895,0.18587360594795538,0.0063091482649842295,0.5348837209302326,0.84,1.0
114,0.0,1.0,0.0,1.0,1.0,0.0,1.0,1.0,0.0,1.0,1.0,1.0,1.0,0.5633802816901409,0.09090909090909091,0.5204460966542751,0.025236593059936908,0.11627906976744184,0.31,0.0
