,SEX,STEROID,ANTIVIRALS,FATIGUE,MALAISE,ANOREXIA,LIVER_BIG,LIVER_FIRM,SPLEEN_PALPABLE,SPIDERS,ASCITES,VARICES,HISTOLOGY,AGE,BILIRUBIN,ALK_PHOSPHATE,SGOT,ALBUMIN,Class
1,1.0,0.0,0.0,1.0,1.0,0.0,1.0,0.0,1.0,0.0,0.0,0.0,0.0,0.5352112676056339,0.09090909090909091,0.21933085501858735,0.09621451104100946,0.44186046511627897,1
110,0.0,0.0,0.0,1.0,1.0,0.0,1.0,0.0,1.0,0.0,0.0,1.0,1.0,0.5211267605633804,0.07792207792207792,0.4052044609665427,0.06466876971608833,0.44186046511627897,0
4,0.0,0.0,0.0,1.0,0.0,0.0,1.0,0.0,0.0,0.0,0.0,0.0,1.0,0.23943661971830985,0.09090909090909091,0.21933085501858735,0.031545741324921134,0.46511627906976727,1
