,SEX,STEROID,ANTIVIRALS,FATIGUE,MALAISE,ANOREXIA,LIVER_BIG,LIVER_FIRM,SPLEEN_PALPABLE,SPIDERS,ASCITES,VARICES,HISTOLOGY,AGE,BILIRUBIN,ALK_PHOSPHATE,SGOT,ALBUMIN,Class
131,0.0,1.0,0.0,1.0,1.0,1.0,1.0,0.0,0.0,1.0,1.0,1.0,1.0,0.5492957746478874,0.9480519480519479,0.21933085501858735,0.359621451104101,0.2790697674418603,0
93,1.0,1.0,1.0,1.0,0.0,0.0,1.0,0.0,0.0,0.0,0.0,0.0,0.0,0.21126760563380284,0.07792207792207792,0.08178438661710037,0.00946372239747634,0.4883720930232558,1
1,0.0,0.0,0.0,1.0,1.0,0.0,1.0,0.0,0.0,0.0,1.0,0.0,1.0,0.6619718309859155,0.11688311688311687,0.21933085501858735,0.12302839116719241,0.2325581395348837,1
