,SEX,STEROID,ANTIVIRALS,FATIGUE,MALAISE,ANOREXIA,LIVER_BIG,LIVER_FIRM,SPLEEN_PALPABLE,SPIDERS,ASCITES,VARICES,HISTOLOGY,AGE,BILIRUBIN,ALK_PHOSPHATE,SGOT,ALBUMIN,PROTIME,Class
21,0.0,0.0,0.0,1.0,1.0,0.0,0.0,1.0,0.0,1.0,0.0,0.0,1.0,0.7605633802816901,0.06493506493506493,0.18215613382899631,0.00946372239747634,0.46511627906976727,0.6185227272727273,1.0
118,0.0,1.0,0.0,1.0,0.0,0.0,1.0,0.0,0.0,1.0,0.0,0.0,0.0,0.4225352112676056,0.03896103896103895,0.1524163568773234,0.022082018927444793,0.4883720930232558,0.6185227272727273,0.0
0,0.0,0.0,0.0,1.0,0.0,0.0,0.0,0.0,0.0,0.0,0.0,0.0,0.0,0.6056338028169015,0.07792207792207792,0.4052044609665427,0.04416403785488959,0.3255813953488371,0.6185227272727273,1.0
