,SEX,STEROID,ANTIVIRALS,FATIGUE,MALAISE,ANOREXIA,LIVER_BIG,LIVER_FIRM,SPLEEN_PALPABLE,SPIDERS,ASCITES,VARICES,HISTOLOGY,AGE,BILIRUBIN,ALK_PHOSPHATE,SGOT,ALBUMIN,Class
19,0.0,0.0,1.0,1.0,1.0,0.0,1.0,1.0,0.0,0.0,0.0,0.0,0.0,0.45070422535211274,0.25974025974025966,0.9442379182156134,0.13249211356466875,0.39534883720930214,0
129,0.0,1.0,0.0,1.0,0.0,0.0,1.0,1.0,0.0,0.0,0.0,0.0,0.0,0.323943661971831,0.24675324675324675,0.11524163568773234,0.20504731861198738,0.6511627906976745,1
1,0.0,0.0,0.0,1.0,1.0,0.0,1.0,0.0,0.0,0.0,1.0,0.0,1.0,0.6619718309859155,0.11688311688311687,0.21933085501858735,0.12302839116719241,0.2325581395348837,1
