,SEX,STEROID,ANTIVIRALS,FATIGUE,MALAISE,ANOREXIA,LIVER_BIG,LIVER_FIRM,SPLEEN_PALPABLE,SPIDERS,ASCITES,VARICES,HISTOLOGY,AGE,BILIRUBIN,ALK_PHOSPHATE,SGOT,ALBUMIN,PROTIME,Class
113,0.0,1.0,0.0,1.0,0.0,0.0,1.0,0.0,1.0,1.0,1.0,0.0,1.0,0.5070422535211268,0.11688311688311687,0.275092936802974,0.007886435331230283,0.2325581395348837,0.42,0.0
106,0.0,1.0,1.0,0.0,0.0,0.0,1.0,0.0,0.0,0.0,0.0,0.0,0.0,0.323943661971831,0.051948051948051945,0.0966542750929368,0.03785488958990536,0.41860465116279055,0.52,1.0
1,0.0,0.0,0.0,1.0,1.0,0.0,1.0,0.0,0.0,0.0,1.0,0.0,1.0,0.6619718309859155,0.11688311688311687,0.21933085501858735,0.12302839116719241,0.2325581395348837,0.66,1.0
