,SEX,STEROID,ANTIVIRALS,FATIGUE,MALAISE,ANOREXIA,LIVER_BIG,LIVER_FIRM,SPLEEN_PALPABLE,SPIDERS,ASCITES,VARICES,HISTOLOGY,AGE,BILIRUBIN,ALK_PHOSPHATE,SGOT,ALBUMIN,PROTIME,Class
5,0.0,1.0,0.0,0.0,0.0,0.0,1.0,0.0,0.0,0.0,0.0,0.0,0.0,0.38461538461538464,0.051948051948051945,0.2825278810408922,0.07886435331230283,0.44186046511627897,0.9,1
13,0.0,1.0,0.0,0.0,0.0,0.0,1.0,0.0,0.0,0.0,0.0,0.0,0.0,0.4461538461538462,0.051948051948051945,0.13382899628252787,0.3312302839116719,0.4883720930232558,1.0,1
14,0.0,0.0,0.0,1.0,1.0,1.0,1.0,1.0,0.0,1.0,1.0,1.0,1.0,0.47692307692307695,0.11688311688311687,0.3420074349442379,0.0031545741324921148,0.16279069767441845,0.6,0
29,1.0,0.0,1.0,0.0,0.0,0.0,1.0,1.0,0.0,0.0,0.0,0.0,0.0,0.4153846153846154,0.03896103896103895,0.014869888475836437,0.01577287066246057,0.44186046511627897,0.76,1
58,0.0,1.0,1.0,0.0,0.0,0.0,1.0,0.0,0.0,0.0,0.0,0.0,1.0,0.5846153846153845,0.12987012987012989,0.21933085501858735,0.0473186119873817,0.4883720930232558,0.85,1
129,0.0,1.0,0.0,0.0,0.0,0.0,1.0,0.0,0.0,0.0,0.0,0.0,0.0,0.4615384615384615,0.051948051948051945,0.0,0.0694006309148265,0.5581395348837208,1.0,1
