,SEX,STEROID,ANTIVIRALS,FATIGUE,MALAISE,ANOREXIA,LIVER_BIG,LIVER_FIRM,SPLEEN_PALPABLE,SPIDERS,ASCITES,VARICES,HISTOLOGY,AGE,BILIRUBIN,ALK_PHOSPHATE,SGOT,ALBUMIN,Class
22,0.0,1.0,0.0,1.0,1.0,1.0,1.0,0.0,0.0,1.0,1.0,0.0,1.0,0.5846153846153845,0.20779220779220778,0.21933085501858735,0.15772870662460567,0.06976744186046502,0
33,0.0,0.0,1.0,1.0,1.0,0.0,1.0,1.0,0.0,0.0,0.0,0.0,0.0,0.4923076923076924,0.25974025974025966,0.9442379182156134,0.13249211356466875,0.39534883720930214,0
44,0.0,1.0,0.0,1.0,1.0,1.0,1.0,0.0,0.0,1.0,1.0,0.0,1.0,0.3230769230769231,0.09090909090909091,0.21933085501858735,0.00946372239747634,0.44186046511627897,1
96,0.0,0.0,0.0,1.0,1.0,1.0,1.0,0.0,0.0,1.0,1.0,0.0,1.0,0.2,0.09090909090909091,0.4981412639405204,0.16403785488958988,0.18604651162790686,1
101,0.0,1.0,0.0,1.0,1.0,1.0,1.0,0.0,0.0,1.0,1.0,0.0,0.0,0.7692307692307692,0.49350649350649345,0.21933085501858735,0.05362776025236593,0.11627906976744184,0
118,0.0,1.0,0.0,1.0,0.0,0.0,1.0,0.0,0.0,1.0,0.0,0.0,0.0,0.4615384615384615,0.03896103896103895,0.1524163568773234,0.022082018927444793,0.4883720930232558,0
121,0.0,0.0,0.0,1.0,1.0,0.0,1.0,1.0,0.0,1.0,0.0,0.0,1.0,0.35384615384615387,0.06493506493506493,0.44981412639405205,0.17981072555205047,0.41860465116279055,1
