,SEX,STEROID,ANTIVIRALS,FATIGUE,MALAISE,ANOREXIA,LIVER_BIG,LIVER_FIRM,SPLEEN_PALPABLE,SPIDERS,ASCITES,VARICES,HISTOLOGY,AGE,BILIRUBIN,ALK_PHOSPHATE,SGOT,ALBUMIN,PROTIME,Class
37,0.0,1.0,0.0,1.0,0.0,0.0,1.0,0.0,0.0,0.0,0.0,0.0,0.0,0.45070422535211274,0.09090909090909091,0.02973977695167286,0.0015772870662460574,0.44186046511627897,0.54,1.0
77,0.0,1.0,0.0,1.0,0.0,0.0,1.0,1.0,1.0,0.0,1.0,1.0,1.0,0.6056338028169015,0.3246753246753246,0.4795539033457249,0.09621451104100946,0.06976744186046502,0.32,0.0
6,0.0,0.0,0.0,1.0,1.0,1.0,1.0,1.0,1.0,1.0,0.0,1.0,1.0,0.619718309859155,0.5584415584415583,0.7026022304832713,0.4022082018927445,0.41860465116279055,0.51,1.0
