,SEX,STEROID,ANTIVIRALS,FATIGUE,MALAISE,ANOREXIA,LIVER_BIG,LIVER_FIRM,SPLEEN_PALPABLE,SPIDERS,ASCITES,VARICES,HISTOLOGY,AGE,BILIRUBIN,ALK_PHOSPHATE,SGOT,ALBUMIN,Class
70,0.0,0.0,0.0,1.0,1.0,0.0,1.0,1.0,1.0,1.0,0.0,0.0,1.0,0.7323943661971831,0.15584415584415584,0.30111524163568776,0.2255520504731861,0.34883720930232553,0
112,0.0,0.0,0.0,1.0,1.0,1.0,1.0,0.0,0.0,0.0,0.0,0.0,0.0,0.4225352112676056,0.06493506493506493,0.24535315985130113,0.07097791798107254,0.44186046511627897,1
2,1.0,1.0,0.0,1.0,0.0,0.0,1.0,1.0,0.0,1.0,0.0,0.0,0.0,0.7183098591549296,0.14285714285714285,0.5539033457249071,0.06466876971608833,0.13953488372093026,1
