,SEX,STEROID,ANTIVIRALS,FATIGUE,MALAISE,ANOREXIA,LIVER_BIG,LIVER_FIRM,SPLEEN_PALPABLE,SPIDERS,ASCITES,VARICES,HISTOLOGY,AGE,BILIRUBIN,ALK_PHOSPHATE,SGOT,ALBUMIN,Class
69,0.0,0.0,0.0,0.0,0.0,0.0,1.0,0.0,0.0,0.0,0.0,0.0,0.0,0.323943661971831,0.051948051948051945,0.275092936802974,0.02681388012618297,0.44186046511627897,1
102,0.0,1.0,0.0,1.0,0.0,0.0,1.0,0.0,0.0,1.0,0.0,0.0,0.0,0.4225352112676056,0.03896103896103895,0.1524163568773234,0.022082018927444793,0.4883720930232558,0
2,0.0,0.0,0.0,1.0,1.0,0.0,1.0,0.0,1.0,0.0,1.0,0.0,1.0,0.6619718309859155,0.46753246753246747,0.34944237918215615,0.022082018927444793,0.3255813953488371,0
