,SEX,STEROID,ANTIVIRALS,FATIGUE,MALAISE,ANOREXIA,LIVER_BIG,LIVER_FIRM,SPLEEN_PALPABLE,SPIDERS,ASCITES,VARICES,HISTOLOGY,AGE,BILIRUBIN,ALK_PHOSPHATE,SGOT,ALBUMIN,Class
14,0.0,0.0,0.0,1.0,1.0,1.0,1.0,1.0,0.0,1.0,1.0,1.0,1.0,0.47692307692307695,0.11688311688311687,0.3420074349442379,0.0031545741324921148,0.16279069767441845,0
25,0.0,1.0,0.0,1.0,1.0,0.0,1.0,1.0,0.0,0.0,1.0,1.0,1.0,0.6153846153846154,0.1818181818181818,0.22304832713754646,0.00946372239747634,0.0,0
2,0.0,0.0,0.0,1.0,1.0,0.0,1.0,0.0,1.0,0.0,1.0,0.0,1.0,0.7230769230769232,0.46753246753246747,0.34944237918215615,0.022082018927444793,0.3255813953488371,0
43,0.0,1.0,0.0,0.0,0.0,0.0,1.0,1.0,1.0,1.0,0.0,0.0,1.0,0.6615384615384616,0.09090909090909091,0.21933085501858735,0.09621451104100946,0.44186046511627897,1
4,0.0,0.0,0.0,1.0,0.0,0.0,1.0,0.0,0.0,0.0,0.0,0.0,1.0,0.26153846153846155,0.09090909090909091,0.21933085501858735,0.031545741324921134,0.46511627906976727,1
41,0.0,0.0,0.0,1.0,1.0,0.0,1.0,0.0,0.0,0.0,0.0,0.0,0.0,0.3076923076923077,0.06493506493506493,0.25650557620817843,0.05047318611987381,0.39534883720930214,1
34,0.0,1.0,0.0,1.0,0.0,0.0,1.0,1.0,1.0,1.0,0.0,1.0,1.0,0.676923076923077,0.09090909090909091,0.21933085501858735,0.00946372239747634,0.20930232558139528,1
91,0.0,0.0,0.0,1.0,1.0,0.0,1.0,0.0,1.0,1.0,0.0,0.0,1.0,0.6461538461538461,0.14285714285714285,0.21933085501858735,0.08832807570977917,0.3255813953488371,0
49,0.0,0.0,0.0,1.0,1.0,0.0,1.0,0.0,0.0,1.0,0.0,0.0,1.0,0.8307692307692307,0.09090909090909091,0.21933085501858735,0.0694006309148265,0.44186046511627897,0
