,SEX,STEROID,ANTIVIRALS,FATIGUE,MALAISE,ANOREXIA,LIVER_BIG,LIVER_FIRM,SPLEEN_PALPABLE,SPIDERS,ASCITES,VARICES,HISTOLOGY,AGE,BILIRUBIN,ALK_PHOSPHATE,SGOT,ALBUMIN,Class
33,0.0,0.0,1.0,1.0,1.0,0.0,1.0,1.0,0.0,0.0,0.0,0.0,0.0,0.4923076923076924,0.25974025974025966,0.9442379182156134,0.13249211356466875,0.39534883720930214,0
44,0.0,1.0,0.0,1.0,1.0,1.0,1.0,0.0,0.0,1.0,1.0,0.0,1.0,0.3230769230769231,0.09090909090909091,0.21933085501858735,0.00946372239747634,0.44186046511627897,1
67,1.0,0.0,0.0,1.0,0.0,0.0,0.0,1.0,1.0,1.0,0.0,0.0,1.0,0.6615384615384616,0.07792207792207792,0.758364312267658,0.16246056782334384,0.3023255813953487,1
96,0.0,0.0,0.0,1.0,1.0,1.0,1.0,0.0,0.0,1.0,1.0,0.0,1.0,0.2,0.09090909090909091,0.4981412639405204,0.16403785488958988,0.18604651162790686,1
101,0.0,1.0,0.0,1.0,1.0,1.0,1.0,0.0,0.0,1.0,1.0,0.0,0.0,0.7692307692307692,0.49350649350649345,0.21933085501858735,0.05362776025236593,0.11627906976744184,0
118,0.0,1.0,0.0,1.0,0.0,0.0,1.0,0.0,0.0,1.0,0.0,0.0,0.0,0.4615384615384615,0.03896103896103895,0.1524163568773234,0.022082018927444793,0.4883720930232558,0
132,1.0,0.0,0.0,1.0,0.0,0.0,1.0,0.0,1.0,1.0,0.0,1.0,1.0,0.7076923076923076,0.15584415584415584,0.20446096654275092,0.007886435331230283,0.46511627906976727,1
138,0.0,1.0,0.0,1.0,0.0,0.0,0.0,1.0,1.0,1.0,1.0,1.0,1.0,0.27692307692307694,0.12987012987012989,0.5762081784386617,0.2634069400630915,0.5581395348837208,1
