,SEX,STEROID,ANTIVIRALS,FATIGUE,MALAISE,ANOREXIA,LIVER_BIG,LIVER_FIRM,SPLEEN_PALPABLE,SPIDERS,ASCITES,VARICES,HISTOLOGY,AGE,BILIRUBIN,ALK_PHOSPHATE,SGOT,ALBUMIN,Class
17,0.0,1.0,0.0,0.0,0.0,0.0,1.0,0.0,0.0,1.0,0.0,1.0,1.0,0.5633802816901409,0.22077922077922077,0.21561338289962828,0.01419558359621451,0.4883720930232558,0
58,0.0,1.0,0.0,0.0,0.0,0.0,1.0,0.0,0.0,0.0,0.0,0.0,0.0,0.45070422535211274,0.09090909090909091,0.21933085501858735,0.00946372239747634,0.44186046511627897,1
7,0.0,0.0,0.0,1.0,1.0,0.0,0.0,1.0,0.0,1.0,0.0,0.0,1.0,0.7605633802816901,0.06493506493506493,0.18215613382899631,0.00946372239747634,0.46511627906976727,1
