,SEX,STEROID,ANTIVIRALS,FATIGUE,MALAISE,ANOREXIA,LIVER_BIG,LIVER_FIRM,SPLEEN_PALPABLE,SPIDERS,ASCITES,VARICES,HISTOLOGY,AGE,BILIRUBIN,ALK_PHOSPHATE,SGOT,ALBUMIN,Class
106,0.0,1.0,0.0,0.0,0.0,0.0,1.0,0.0,0.0,0.0,0.0,0.0,0.0,0.5211267605633804,0.03896103896103895,0.31226765799256506,0.20662460567823343,0.5348837209302326,1
129,0.0,1.0,0.0,1.0,1.0,1.0,1.0,0.0,0.0,1.0,1.0,1.0,1.0,0.5492957746478874,0.9480519480519479,0.2211895910780669,0.359621451104101,0.2790697674418603,0
6,0.0,0.0,0.0,1.0,1.0,1.0,1.0,1.0,1.0,1.0,0.0,1.0,1.0,0.619718309859155,0.5584415584415583,0.7026022304832713,0.4022082018927445,0.41860465116279055,1
