,SEX,STEROID,ANTIVIRALS,FATIGUE,MALAISE,ANOREXIA,LIVER_BIG,LIVER_FIRM,SPLEEN_PALPABLE,SPIDERS,ASCITES,VARICES,HISTOLOGY,AGE,BILIRUBIN,ALK_PHOSPHATE,SGOT,ALBUMIN,PROTIME,Class
45,0.0,1.0,0.0,1.0,0.0,0.0,1.0,1.0,1.0,1.0,0.0,1.0,1.0,0.47887323943661975,0.5064935064935064,0.14498141263940523,0.167192429022082,0.3023255813953487,0.6185227272727273,0.0
97,0.0,0.0,0.0,1.0,1.0,0.0,1.0,0.0,0.0,0.0,0.0,0.0,0.0,0.5211267605633804,0.16883116883116883,0.15613382899628253,0.08517350157728706,0.37209302325581395,0.6185227272727273,1.0
2,1.0,1.0,0.0,1.0,0.0,0.0,1.0,1.0,0.0,1.0,0.0,0.0,0.0,0.7183098591549296,0.14285714285714285,0.5539033457249071,0.06466876971608833,0.13953488372093026,0.36,1.0
