,SEX,STEROID,ANTIVIRALS,FATIGUE,MALAISE,ANOREXIA,LIVER_BIG,LIVER_FIRM,SPLEEN_PALPABLE,SPIDERS,ASCITES,VARICES,HISTOLOGY,AGE,BILIRUBIN,ALK_PHOSPHATE,SGOT,ALBUMIN,PROTIME,Class
125,0.0,0.0,0.0,1.0,0.0,0.0,0.0,1.0,1.0,1.0,0.0,0.0,1.0,0.7464788732394366,0.09090909090909091,0.21933085501858735,0.04100946372239747,0.4285714285714285,0.6,1
53,0.0,0.0,0.0,1.0,1.0,1.0,1.0,0.0,1.0,1.0,0.0,1.0,1.0,0.49295774647887325,0.5584415584415583,0.21933085501858735,0.06466876971608833,0.26190476190476175,0.6,0
1,1.0,0.0,0.0,1.0,1.0,0.0,1.0,0.0,1.0,0.0,0.0,0.0,0.0,0.5352112676056339,0.09090909090909091,0.21933085501858735,0.09621451104100946,0.4285714285714285,0.6,1
