,SEX,STEROID,ANTIVIRALS,FATIGUE,MALAISE,ANOREXIA,LIVER_BIG,LIVER_FIRM,SPLEEN_PALPABLE,SPIDERS,ASCITES,VARICES,HISTOLOGY,AGE,BILIRUBIN,ALK_PHOSPHATE,SGOT,ALBUMIN,Class
33,0.0,0.0,1.0,1.0,1.0,0.0,1.0,1.0,0.0,0.0,0.0,0.0,0.0,0.45070422535211274,0.25974025974025966,0.9442379182156134,0.13249211356466875,0.39534883720930214,0
67,1.0,0.0,0.0,1.0,0.0,0.0,0.0,1.0,1.0,1.0,0.0,0.0,1.0,0.6056338028169015,0.07792207792207792,0.758364312267658,0.16246056782334384,0.3023255813953487,1
88,0.0,0.0,0.0,1.0,1.0,0.0,1.0,0.0,0.0,0.0,0.0,0.0,0.0,0.7746478873239437,0.09090909090909091,0.21933085501858735,0.0725552050473186,0.44186046511627897,0
112,0.0,1.0,0.0,1.0,0.0,0.0,1.0,0.0,1.0,1.0,1.0,0.0,1.0,0.5070422535211268,0.11688311688311687,0.275092936802974,0.007886435331230283,0.2325581395348837,0
123,0.0,1.0,0.0,1.0,0.0,0.0,0.0,1.0,1.0,1.0,1.0,1.0,1.0,0.2535211267605634,0.12987012987012989,0.5762081784386617,0.2634069400630915,0.5581395348837208,1
127,0.0,1.0,0.0,1.0,1.0,1.0,1.0,1.0,0.0,1.0,0.0,0.0,1.0,0.5774647887323944,0.22077922077922077,0.49070631970260226,0.416403785488959,0.39534883720930214,1
