,SEX,STEROID,ANTIVIRALS,FATIGUE,MALAISE,ANOREXIA,LIVER_BIG,LIVER_FIRM,SPLEEN_PALPABLE,SPIDERS,ASCITES,VARICES,HISTOLOGY,AGE,BILIRUBIN,ALK_PHOSPHATE,SGOT,ALBUMIN,PROTIME,Class
90,0.0,1.0,0.0,0.0,0.0,0.0,0.0,1.0,0.0,1.0,0.0,0.0,1.0,0.619718309859155,0.06493506493506493,0.29488995102378,0.029968454258675076,0.5581395348837208,0.6185227272727273,1.0
33,0.0,0.0,1.0,1.0,1.0,0.0,1.0,1.0,0.0,0.0,0.0,0.0,0.0,0.45070422535211274,0.25974025974025966,0.9442379182156134,0.13249211356466875,0.39534883720930214,0.4,0.0
0,0.0,0.0,0.0,1.0,0.0,0.0,0.0,0.0,0.0,0.0,0.0,0.0,0.0,0.6056338028169015,0.07792207792207792,0.4052044609665427,0.04416403785488959,0.3255813953488371,0.6185227272727273,1.0
