,SEX,STEROID,ANTIVIRALS,FATIGUE,MALAISE,ANOREXIA,LIVER_BIG,LIVER_FIRM,SPLEEN_PALPABLE,SPIDERS,ASCITES,VARICES,HISTOLOGY,AGE,BILIRUBIN,ALK_PHOSPHATE,SGOT,ALBUMIN,Class
43,0.0,1.0,1.0,0.0,0.0,0.0,1.0,0.0,0.0,0.0,0.0,0.0,1.0,0.5352112676056339,0.12987012987012989,0.21933085501858735,0.0473186119873817,0.47619047619047616,1
34,0.0,0.0,0.0,1.0,1.0,0.0,1.0,0.0,0.0,1.0,0.0,0.0,1.0,0.7605633802816901,0.09090909090909091,0.21933085501858735,0.07176656151419558,0.4285714285714285,0
0,0.0,0.0,0.0,1.0,0.0,0.0,0.0,0.0,0.0,0.0,0.0,0.0,0.0,0.6056338028169015,0.07792207792207792,0.4052044609665427,0.04416403785488959,0.3095238095238094,1
