,SEX,STEROID,ANTIVIRALS,FATIGUE,MALAISE,ANOREXIA,LIVER_BIG,LIVER_FIRM,SPLEEN_PALPABLE,SPIDERS,ASCITES,VARICES,HISTOLOGY,AGE,BILIRUBIN,ALK_PHOSPHATE,SGOT,ALBUMIN,Class
5,0.0,1.0,0.0,0.0,0.0,0.0,1.0,0.0,0.0,0.0,0.0,0.0,0.0,0.38461538461538464,0.051948051948051945,0.2825278810408922,0.07886435331230283,0.44186046511627897,1
13,0.0,1.0,0.0,0.0,0.0,0.0,1.0,0.0,0.0,0.0,0.0,0.0,0.0,0.4461538461538462,0.051948051948051945,0.13382899628252787,0.3312302839116719,0.4883720930232558,1
16,1.0,1.0,0.0,1.0,0.0,0.0,1.0,1.0,0.0,1.0,0.0,0.0,0.0,0.7846153846153847,0.14285714285714285,0.5539033457249071,0.06466876971608833,0.13953488372093026,1
31,0.0,1.0,0.0,0.0,0.0,0.0,1.0,0.0,0.0,1.0,0.0,1.0,1.0,0.6153846153846154,0.22077922077922077,0.21561338289962828,0.01419558359621451,0.4883720930232558,0
78,0.0,0.0,0.0,1.0,0.0,0.0,1.0,0.0,0.0,0.0,0.0,0.0,1.0,0.6923076923076923,0.09090909090909091,0.21933085501858735,0.025236593059936908,0.44186046511627897,1
95,0.0,1.0,0.0,1.0,1.0,1.0,1.0,1.0,0.0,1.0,1.0,1.0,1.0,0.35384615384615387,0.2857142857142857,0.516728624535316,0.07886435331230283,0.16279069767441845,0
96,0.0,0.0,0.0,1.0,1.0,1.0,1.0,0.0,0.0,1.0,1.0,0.0,1.0,0.2,0.09090909090909091,0.4981412639405204,0.16403785488958988,0.18604651162790686,1
