,SEX,STEROID,ANTIVIRALS,FATIGUE,MALAISE,ANOREXIA,LIVER_BIG,LIVER_FIRM,SPLEEN_PALPABLE,SPIDERS,ASCITES,VARICES,HISTOLOGY,AGE,BILIRUBIN,ALK_PHOSPHATE,SGOT,ALBUMIN,Class
107,1.0,1.0,1.0,1.0,0.0,0.0,1.0,0.0,0.0,0.0,0.0,0.0,0.0,0.21126760563380284,0.07792207792207792,0.0679245283018868,0.00946372239747634,0.4883720930232558,1
88,0.0,0.0,0.0,1.0,1.0,0.0,1.0,0.0,0.0,0.0,0.0,0.0,0.0,0.7746478873239437,0.09090909090909091,0.20754716981132074,0.0725552050473186,0.44186046511627897,0
0,0.0,0.0,0.0,1.0,0.0,0.0,0.0,0.0,0.0,0.0,0.0,0.0,0.0,0.6056338028169015,0.07792207792207792,0.39622641509433965,0.04416403785488959,0.3255813953488371,1
