,SEX,STEROID,ANTIVIRALS,FATIGUE,MALAISE,ANOREXIA,LIVER_BIG,LIVER_FIRM,SPLEEN_PALPABLE,SPIDERS,ASCITES,VARICES,HISTOLOGY,AGE,BILIRUBIN,ALK_PHOSPHATE,SGOT,ALBUMIN,Class
58,0.0,1.0,1.0,0.0,0.0,0.0,1.0,0.0,0.0,0.0,0.0,0.0,1.0,0.5352112676056339,0.12987012987012989,0.20754716981132074,0.0473186119873817,0.4883720930232558,1
101,0.0,1.0,0.0,1.0,1.0,1.0,1.0,0.0,0.0,1.0,1.0,0.0,0.0,0.7042253521126761,0.49350649350649345,0.20754716981132074,0.05362776025236593,0.11627906976744184,0
6,0.0,0.0,0.0,1.0,1.0,1.0,1.0,1.0,1.0,1.0,0.0,1.0,1.0,0.619718309859155,0.5584415584415583,0.6981132075471699,0.4022082018927445,0.41860465116279055,1
