,SEX,STEROID,ANTIVIRALS,FATIGUE,MALAISE,ANOREXIA,LIVER_BIG,LIVER_FIRM,SPLEEN_PALPABLE,SPIDERS,ASCITES,VARICES,HISTOLOGY,AGE,BILIRUBIN,ALK_PHOSPHATE,SGOT,ALBUMIN,Class
38,0.0,0.0,0.0,1.0,1.0,0.0,0.0,1.0,0.0,1.0,0.0,0.0,0.0,0.3802816901408451,0.3246753246753246,0.3754646840148699,0.26498422712933756,0.44186046511627897,0
88,0.0,0.0,0.0,1.0,1.0,0.0,1.0,0.0,0.0,0.0,0.0,0.0,0.0,0.7746478873239437,0.09090909090909091,0.21933085501858735,0.0725552050473186,0.44186046511627897,0
103,0.0,1.0,0.0,1.0,0.0,0.0,1.0,0.0,0.0,1.0,0.0,0.0,0.0,0.4225352112676056,0.03896103896103895,0.1524163568773234,0.022082018927444793,0.4883720930232558,0
127,0.0,1.0,0.0,1.0,1.0,1.0,1.0,1.0,0.0,1.0,0.0,0.0,1.0,0.5774647887323944,0.22077922077922077,0.49070631970260226,0.416403785488959,0.39534883720930214,1
134,0.0,0.0,0.0,1.0,1.0,0.0,0.0,1.0,0.0,1.0,0.0,0.0,1.0,0.5211267605633804,0.3506493506493506,0.3271375464684015,0.0804416403785489,0.3255813953488371,1
